{
	"tileMapName": "test_tilemap",
	"tileMapFile": "/main/resources/test_tilemap.png",
	"numXTiles": 19,
	"numYTiles": 9,
	"tileMap": [
				["t63", "t63", "t63", "t63", "t63", "t63", "t63", "t63", "t63", "t63", "t63", "t63", "t63", "t63", "t63", "t63", "t63", "t63", "t63", "t63"],
				["t63", "t63", "t63", "t63", "t63", "t63", "t63", "t63", "t63", "t63", "t63", "t63", "t63", "t63", "t63", "t63", "t63", "t63", "t63", "t63"],
				["t63", "t63", "t63", "t63", "t63", "t63", "t63", "t63", "t63", "t63", "t63", "t63", "t63", "t63", "t63", "t63", "t63", "t63", "t63", "t63"],
				["t63", "t63", "t63", "t63", "t63", "t63", "t63", "t63", "t63", "t63", "t63", "t63", "t63", "t63", "t63", "t63", "t63", "t63", "t63", "t63"],
				["t63", "t63", "t63", "t63", "t63", "t63", "t63", "t63", "t63", "t63", "t63", "t63", "t63", "t63", "t63", "t63", "t63", "t63", "t63", "t63"],
				["t63", "t63", "t63", "t63", "t63", "t63", "t63", "t63", "t63", "t63", "t63", "t63", "t63", "t63", "t63", "t63", "t63", "t63", "t63", "t63"],
				["t63", "t63", "t63", "t63", "t63", "t63", "t63", "t63", "t63", "t63", "t63", "t63", "t63", "t63", "t63", "t63", "t63", "t63", "t63", "t63"],
				["t63", "t63", "t63", "t63", "t63", "t63", "t63", "t63", "t63", "t63", "t63", "t63", "t63", "t63", "t63", "t63", "t63", "t63", "t63", "t63"],
				["t63", "t63", "t63", "t63", "t63", "t63", "t63", "t63", "t63", "t63", "t63", "t63", "t63", "t63", "t63", "t63", "t63", "t63", "t63", "t63"],
				["t63", "t63", "t63", "t63", "t63", "t63", "t63", "t63", "t63", "t63", "t63", "t63", "t63", "t63", "t63", "t63", "t63", "t63", "t63", "t63"],
				["t63", "t63", "t63", "t63", "t63", "t63", "t63", "t63", "t63", "t63", "t63", "t63", "t63", "t63", "t63", "t63", "t63", "t63", "t63", "t63"],
				["t63", "t63", "t63", "t63", "t63", "t63", "t63", "t63", "t63", "t63", "t63", "t63", "t63", "t63", "t63", "t63", "t63", "t63", "t63", "t63"],
				["t63", "t63", "t63", "t63", "t63", "t63", "t63", "t63", "t63", "t63", "t63", "t63", "t63", "t63", "t63", "t63", "t63", "t63", "t63", "t63"],
				["t63", "t63", "t63", "t63", "t63", "t63", "t63", "t63", "t63", "t63", "t63", "t63", "t63", "t63", "t63", "t63", "t63", "t63", "t63", "t63"],
				["t63", "t63", "t63", "t63", "t63", "t63", "t63", "t63", "t63", "t63", "t63", "t63", "t63", "t63", "t63", "t63", "t63", "t63", "t63", "t63"],
				["t63", "t63", "t63", "t63", "t63", "t63", "t63", "t63", "t63", "t63", "t63", "t63", "t63", "t63", "t63", "t63", "t63", "t63", "t63", "t63"],
				["t63", "t63", "t63", "t63", "t63", "t63", "t63", "t63", "t63", "t63", "t63", "t63", "t63", "t63", "t63", "t63", "t63", "t63", "t63", "t63"],
				["t63", "t63", "t63", "t63", "t63", "t63", "t63", "t63", "t63", "t63", "t63", "t63", "t63", "t63", "t63", "t63", "t63", "t63", "t63", "t63"],
				["t63", "t63", "t63", "t63", "t63", "t63", "t63", "t63", "t63", "t63", "t63", "t63", "t63", "t63", "t63", "t63", "t63", "t63", "t63", "t63"],
				["t63", "t63", "t63", "t63", "t63", "t63", "t63", "t63", "t63", "t63", "t63", "t63", "t63", "t63", "t63", "t63", "t63", "t63", "t63", "t63"],
				["t63", "t63", "t63", "t63", "t63", "t63", "t63", "t63", "t63", "t63", "t63", "t63", "t63", "t63", "t63", "t63", "t63", "t63", "t63", "t63"],
				["t63", "t63", "t63", "t63", "t63", "t63", "t63", "t63", "t63", "t63", "t63", "t63", "t63", "t63", "t63", "t63", "t63", "t63", "t63", "t63"],
				["t63", "t63", "t63", "t63", "t63", "t63", "t63", "t63", "t63", "t63", "t63", "t63", "t63", "t63", "t63", "t63", "t63", "t63", "t63", "t63"],
				["t63", "t63", "t63", "t63", "t63", "t63", "t63", "t63", "t63", "t63", "t63", "t63", "t63", "t63", "t63", "t63", "t63", "t63", "t63", "t63"],
				["t63", "t63", "t63", "t63", "t63", "t63", "t63", "t63", "t63", "t63", "t63", "t63", "t63", "t63", "t63", "t63", "t63", "t63", "t63", "t63"],
				["t63", "t63", "t63", "t63", "t63", "t63", "t63", "t63", "t63", "t63", "t63", "t63", "t63", "t63", "t63", "t63", "t63", "t63", "t63", "t63"],
				]
}